{"id":"b403bb20-80b5-43d1-bdaf-99f344ecbdd9","name":[{"lang":"en","value":"CLS Wave 2 variables"}],"description":[{"lang":"en","value":"<p>Canberra longitudinal study wave 2&nbsp;variables. The dataset contains 1245&nbsp;variables.<\/p>\r\n"}],"entityType":"Participant","published":false,"obiba.mica.StudyDatasetDto.type":{"studyTable":{"studyId":"072b8428-db96-43cf-a1f5-7f6452b2a44c","populationId":"d69724e9-b26c-4c6f-bf3b-3206851858ee","dataCollectionEventId":"a9b76cc8-8079-4b48-b1af-5290b6ec52b3","project":"CLS","table":"Wave2"}}}